,Time,Discharge
0,10-01-1954 ,979.3510000000001
1,11-01-1954 ,1030.009
2,12-01-1954 ,919.242
3,13-01-1954 ,952.675
4,14-01-1954 ,955.59
5,15-01-1954 ,969.9689999999999
6,16-01-1954 ,991.797
7,17-01-1954 ,908.6210000000001
8,18-01-1954 ,841.898
9,19-01-1954 ,837.74
10,20-01-1954 ,837.74
11,21-01-1954 ,811.3960000000001
12,22-01-1954 ,771.695
13,23-01-1954 ,888.125
14,24-01-1954 ,882.645
15,25-01-1954 ,827.6389999999999
16,26-01-1954 ,785.9580000000001
17,27-01-1954 ,769.846
18,28-01-1954 ,755.547
19,29-01-1954 ,888.815
20,30-01-1954 ,1129.708
21,31-01-1954 ,1400.3239999999998
22,01-01-1955 ,531.988
23,02-01-1955 ,390.905
24,03-01-1955 ,281.77
25,04-01-1955 ,323.939
26,05-01-1955 ,554.729
27,06-01-1955 ,572.841
28,07-01-1955 ,608.6619999999999
29,08-01-1955 ,745.072
30,09-01-1955 ,860.283
31,10-01-1955 ,993.444
32,11-01-1955 ,1133.2169999999999
33,12-01-1955 ,1142.535
34,13-01-1955 ,1112.504
35,14-01-1955 ,1082.999
36,15-01-1955 ,1263.817
37,16-01-1955 ,1292.6860000000001
38,17-01-1955 ,1292.173
39,18-01-1955 ,1152.153
40,19-01-1955 ,1158.399
41,20-01-1955 ,1190.656
42,21-01-1955 ,1145.7910000000002
43,22-01-1955 ,1142.535
44,23-01-1955 ,1142.535
45,24-01-1955 ,1206.136
46,25-01-1955 ,1367.974
47,26-01-1955 ,1267.741
48,27-01-1955 ,1197.23
49,28-01-1955 ,1193.177
50,29-01-1955 ,1366.52
51,30-01-1955 ,1513.283
52,31-01-1955 ,1524.9779999999998
53,01-01-1956 ,1577.8120000000001
54,02-01-1956 ,1613.619
55,03-01-1956 ,1563.81
56,04-01-1956 ,1560.1879999999999
57,05-01-1956 ,1560.1879999999999
58,06-01-1956 ,1560.1879999999999
59,07-01-1956 ,1560.1879999999999
60,08-01-1956 ,1542.22
61,09-01-1956 ,1488.172
62,10-01-1956 ,1484.516
63,11-01-1956 ,1484.516
64,12-01-1956 ,1467.829
65,13-01-1956 ,1417.624
66,14-01-1956 ,1414.226
67,15-01-1956 ,1397.379
68,16-01-1956 ,1363.395
69,17-01-1956 ,1410.725
70,18-01-1956 ,1381.516
71,19-01-1956 ,1419.943
72,20-01-1956 ,2459.36
73,21-01-1956 ,4128.1759999999995
74,22-01-1956 ,3024.025
75,23-01-1956 ,2021.513
76,24-01-1956 ,1691.725
77,25-01-1956 ,1567.464
78,26-01-1956 ,1542.22
79,27-01-1956 ,1488.172
80,28-01-1956 ,1484.516
81,29-01-1956 ,1484.516
82,30-01-1956 ,1434.8139999999999
83,31-01-1956 ,1335.2579999999998
84,01-01-1957 ,1542.3220000000001
85,02-01-1957 ,1549.652
86,03-01-1957 ,1586.18
87,04-01-1957 ,1716.619
88,05-01-1957 ,1781.44
89,06-01-1957 ,1766.443
90,07-01-1957 ,1709.476
91,08-01-1957 ,1686.476
92,09-01-1957 ,1628.8829999999998
93,10-01-1957 ,1624.985
94,11-01-1957 ,1624.985
95,12-01-1957 ,1624.985
96,13-01-1957 ,1624.985
97,14-01-1957 ,1624.985
98,15-01-1957 ,1624.985
99,16-01-1957 ,1624.985
100,17-01-1957 ,1624.985
101,18-01-1957 ,1624.985
102,19-01-1957 ,1624.985
103,20-01-1957 ,1624.985
104,21-01-1957 ,1624.985
105,22-01-1957 ,1624.985
106,23-01-1957 ,1624.985
107,24-01-1957 ,1624.985
108,25-01-1957 ,1624.985
109,26-01-1957 ,1624.985
110,27-01-1957 ,1624.985
111,28-01-1957 ,1624.985
112,29-01-1957 ,1624.985
113,30-01-1957 ,1624.985
114,31-01-1957 ,1624.985
115,01-01-1958 ,375.921
116,02-01-1958 ,208.757
117,03-01-1958 ,185.079
118,04-01-1958 ,209.975
119,05-01-1958 ,228.416
120,06-01-1958 ,280.998
121,07-01-1958 ,464.29400000000004
122,08-01-1958 ,659.365
123,09-01-1958 ,687.547
124,10-01-1958 ,731.671
125,11-01-1958 ,734.735
126,12-01-1958 ,734.735
127,13-01-1958 ,734.735
128,14-01-1958 ,734.735
129,15-01-1958 ,734.735
130,16-01-1958 ,749.357
131,17-01-1958 ,793.985
132,18-01-1958 ,797.081
133,19-01-1958 ,782.2339999999999
134,20-01-1958 ,737.7289999999999
135,21-01-1958 ,734.735
136,22-01-1958 ,734.735
137,23-01-1958 ,734.735
138,24-01-1958 ,734.735
139,25-01-1958 ,734.735
140,26-01-1958 ,734.735
141,27-01-1958 ,734.735
142,28-01-1958 ,889.495
143,29-01-1958 ,1371.8310000000001
144,30-01-1958 ,1330.192
145,31-01-1958 ,1192.214
146,01-01-1959 ,1367.471
147,02-01-1959 ,1326.996
148,03-01-1959 ,1240.817
149,04-01-1959 ,1089.617
150,05-01-1959 ,921.079
151,06-01-1959 ,731.987
152,07-01-1959 ,704.8910000000001
153,08-01-1959 ,804.0369999999999
154,09-01-1959 ,837.203
155,10-01-1959 ,799.799
156,11-01-1959 ,797.081
157,12-01-1959 ,797.081
158,13-01-1959 ,797.081
159,14-01-1959 ,797.081
160,15-01-1959 ,823.3389999999999
161,16-01-1959 ,877.0210000000001
162,17-01-1959 ,802.432
163,18-01-1959 ,782.2339999999999
164,19-01-1959 ,752.35
165,20-01-1959 ,779.1389999999999
166,21-01-1959 ,766.57
167,22-01-1959 ,777.867
168,23-01-1959 ,602.444
169,24-01-1959 ,667.555
170,25-01-1959 ,736.365
171,26-01-1959 ,990.3580000000001
172,27-01-1959 ,1199.461
173,28-01-1959 ,1213.514
174,29-01-1959 ,1198.485
175,30-01-1959 ,1095.9660000000001
176,31-01-1959 ,935.082
177,01-01-1960 ,853.346
178,02-01-1960 ,853.346
179,03-01-1960 ,853.346
180,04-01-1960 ,853.346
181,05-01-1960 ,853.346
182,06-01-1960 ,853.346
183,07-01-1960 ,853.346
184,08-01-1960 ,853.346
185,09-01-1960 ,936.421
186,10-01-1960 ,1122.0410000000002
187,11-01-1960 ,910.515
188,12-01-1960 ,983.835
189,13-01-1960 ,1317.279
190,14-01-1960 ,1133.286
191,15-01-1960 ,1005.447
192,16-01-1960 ,915.316
193,17-01-1960 ,909.5419999999999
194,18-01-1960 ,909.5419999999999
195,19-01-1960 ,869.7869999999999
196,20-01-1960 ,743.9780000000001
197,21-01-1960 ,706.424
198,22-01-1960 ,635.595
199,23-01-1960 ,670.305
200,24-01-1960 ,673.1010000000001
201,25-01-1960 ,646.78
202,26-01-1960 ,568.701
203,27-01-1960 ,576.0409999999999
204,28-01-1960 ,641.612
205,29-01-1960 ,649.501
206,30-01-1960 ,462.884
207,31-01-1960 ,595.769
208,01-01-1961 ,1979.0079999999998
209,02-01-1961 ,2000.184
210,03-01-1961 ,2236.7270000000003
211,04-01-1961 ,2120.896
212,05-01-1961 ,1986.261
213,06-01-1961 ,2167.367
214,07-01-1961 ,2159.2529999999997
215,08-01-1961 ,2072.922
216,09-01-1961 ,2004.7279999999998
217,10-01-1961 ,1979.0079999999998
218,11-01-1961 ,1914.579
219,12-01-1961 ,1890.1889999999999
220,13-01-1961 ,1829.912
221,14-01-1961 ,1825.829
222,15-01-1961 ,1825.829
223,16-01-1961 ,1825.829
224,17-01-1961 ,1825.829
225,18-01-1961 ,1825.829
226,19-01-1961 ,1825.829
227,20-01-1961 ,1825.829
228,21-01-1961 ,1825.829
229,22-01-1961 ,1825.829
230,23-01-1961 ,1825.829
231,24-01-1961 ,1825.829
232,25-01-1961 ,1804.058
233,26-01-1961 ,1738.56
234,27-01-1961 ,1734.1270000000002
235,28-01-1961 ,1734.1270000000002
236,29-01-1961 ,1734.1270000000002
237,30-01-1961 ,1755.7060000000001
238,31-01-1961 ,1779.0220000000002
239,01-01-1962 ,1910.2160000000001
240,02-01-1962 ,1890.1889999999999
241,03-01-1962 ,1829.912
242,04-01-1962 ,1825.829
243,05-01-1962 ,1804.058
244,06-01-1962 ,1738.56
245,07-01-1962 ,1734.1270000000002
246,08-01-1962 ,1755.7060000000001
247,09-01-1962 ,1799.539
248,10-01-1962 ,1780.507
249,11-01-1962 ,1964.955
250,12-01-1962 ,2595.692
251,13-01-1962 ,3983.0040000000004
252,14-01-1962 ,4229.714
253,15-01-1962 ,4240.272
254,16-01-1962 ,4240.272
255,17-01-1962 ,4163.3640000000005
256,18-01-1962 ,6033.036999999999
257,19-01-1962 ,13639.243999999999
258,20-01-1962 ,20646.578999999998
259,21-01-1962 ,28398.11
260,22-01-1962 ,18001.476000000002
261,23-01-1962 ,10966.899
262,24-01-1962 ,7613.382
263,25-01-1962 ,5842.3640000000005
264,26-01-1962 ,4973.025
265,27-01-1962 ,4632.205
266,28-01-1962 ,4716.819
267,29-01-1962 ,4775.2390000000005
268,30-01-1962 ,4675.604
269,31-01-1962 ,4722.062
270,01-01-1963 ,822.444
271,02-01-1963 ,807.493
272,03-01-1963 ,762.664
273,04-01-1963 ,1201.222
274,05-01-1963 ,2402.9539999999997
275,06-01-1963 ,1580.7279999999998
276,07-01-1963 ,987.3889999999999
277,08-01-1963 ,1186.027
278,09-01-1963 ,1290.289
279,10-01-1963 ,1157.0510000000002
280,11-01-1963 ,857.561
281,12-01-1963 ,710.6039999999999
282,13-01-1963 ,688.4839999999999
283,14-01-1963 ,661.1389999999999
284,15-01-1963 ,699.2339999999999
285,16-01-1963 ,702.067
286,17-01-1963 ,823.495
287,18-01-1963 ,1345.8229999999999
288,19-01-1963 ,1753.4160000000002
289,20-01-1963 ,1617.8629999999998
290,21-01-1963 ,1528.91
291,22-01-1963 ,1640.255
292,23-01-1963 ,1476.89
293,24-01-1963 ,921.168
294,25-01-1963 ,713.4960000000001
295,26-01-1963 ,702.067
296,27-01-1963 ,702.067
297,28-01-1963 ,702.067
298,29-01-1963 ,702.067
299,30-01-1963 ,688.4839999999999
300,31-01-1963 ,647.763
301,01-01-1964 ,462.126
302,02-01-1964 ,487.009
303,03-01-1964 ,634.591
304,04-01-1964 ,673.434
305,05-01-1964 ,617.368
306,06-01-1964 ,612.2230000000001
307,07-01-1964 ,742.431
308,08-01-1964 ,751.4960000000001
309,09-01-1964 ,751.4960000000001
310,10-01-1964 ,767.145
311,11-01-1964 ,784.2610000000001
312,12-01-1964 ,667.4960000000001
313,13-01-1964 ,692.579
314,14-01-1964 ,1014.232
315,15-01-1964 ,895.248
316,16-01-1964 ,885.669
317,17-01-1964 ,885.669
318,18-01-1964 ,885.669
319,19-01-1964 ,885.669
320,20-01-1964 ,984.173
321,21-01-1964 ,1257.521
322,22-01-1964 ,1189.566
323,23-01-1964 ,1199.965
324,24-01-1964 ,1150.039
325,25-01-1964 ,1304.72
326,26-01-1964 ,1297.86
327,27-01-1964 ,1242.872
328,28-01-1964 ,1221.514
329,29-01-1964 ,1185.9460000000001
330,30-01-1964 ,1217.843
331,31-01-1964 ,1185.9460000000001
332,01-01-1965 ,698.5880000000001
333,02-01-1965 ,701.3989999999999
334,03-01-1965 ,701.3989999999999
335,04-01-1965 ,701.3989999999999
336,05-01-1965 ,701.3989999999999
337,06-01-1965 ,701.3989999999999
338,07-01-1965 ,714.802
339,08-01-1965 ,784.622
340,09-01-1965 ,889.65
341,10-01-1965 ,940.178
342,11-01-1965 ,943.2589999999999
343,12-01-1965 ,974.7489999999999
344,13-01-1965 ,1072.995
345,14-01-1965 ,1080.056
346,15-01-1965 ,1098.771
347,16-01-1965 ,1155.83
348,17-01-1965 ,1159.78
349,18-01-1965 ,1140.813
350,19-01-1965 ,1083.892
351,20-01-1965 ,1118.8239999999998
352,21-01-1965 ,1237.974
353,22-01-1965 ,1246.333
354,23-01-1965 ,1246.333
355,24-01-1965 ,1225.74
356,25-01-1965 ,1163.944
357,26-01-1965 ,1140.813
358,27-01-1965 ,1083.892
359,28-01-1965 ,1080.056
360,29-01-1965 ,1080.056
361,30-01-1965 ,1080.056
362,31-01-1965 ,1080.056
363,01-01-1966 ,1150.1689999999999
364,02-01-1966 ,1150.1689999999999
365,03-01-1966 ,1150.1689999999999
366,04-01-1966 ,1150.1689999999999
367,05-01-1966 ,1150.1689999999999
368,06-01-1966 ,1150.1689999999999
369,07-01-1966 ,1150.1689999999999
370,08-01-1966 ,1150.1689999999999
371,09-01-1966 ,1150.1689999999999
372,10-01-1966 ,1156.517
373,11-01-1966 ,1175.768
374,12-01-1966 ,1170.713
375,13-01-1966 ,1151.4769999999999
376,14-01-1966 ,1150.1689999999999
377,15-01-1966 ,1174.288
378,16-01-1966 ,1274.178
379,17-01-1966 ,1307.8339999999998
380,18-01-1966 ,1166.636
381,19-01-1966 ,1175.768
382,20-01-1966 ,1177.089
383,21-01-1966 ,1177.089
384,22-01-1966 ,1177.089
385,23-01-1966 ,1177.089
386,24-01-1966 ,1177.089
387,25-01-1966 ,1177.089
388,26-01-1966 ,1177.089
389,27-01-1966 ,1177.089
390,28-01-1966 ,1177.089
391,29-01-1966 ,1177.089
392,30-01-1966 ,1177.089
393,31-01-1966 ,1177.089
394,01-01-1967 ,816.865
395,02-01-1967 ,772.507
396,03-01-1967 ,835.387
397,04-01-1967 ,826.6080000000001
398,05-01-1967 ,770.4830000000001
399,06-01-1967 ,708.617
400,07-01-1967 ,609.861
401,08-01-1967 ,525.972
402,09-01-1967 ,480.605
403,10-01-1967 ,577.089
404,11-01-1967 ,889.539
405,12-01-1967 ,933.3960000000001
406,13-01-1967 ,955.585
407,14-01-1967 ,1040.147
408,15-01-1967 ,1100.361
409,16-01-1967 ,1033.912
410,17-01-1967 ,912.46
411,18-01-1967 ,903.568
412,19-01-1967 ,903.568
413,20-01-1967 ,903.568
414,21-01-1967 ,903.568
415,22-01-1967 ,903.568
416,23-01-1967 ,913.943
417,24-01-1967 ,950.0419999999999
418,25-01-1967 ,969.074
419,26-01-1967 ,992.294
420,27-01-1967 ,1032.4489999999998
421,28-01-1967 ,1035.1760000000002
422,29-01-1967 ,1035.1760000000002
423,30-01-1967 ,1035.1760000000002
424,31-01-1967 ,1035.1760000000002
425,01-01-1968 ,2442.311
426,02-01-1968 ,2352.133
427,03-01-1968 ,2346.416
428,04-01-1968 ,2484.384
429,05-01-1968 ,2672.147
430,06-01-1968 ,2428.1279999999997
431,07-01-1968 ,2408.235
432,08-01-1968 ,2408.235
433,09-01-1968 ,2432.422
434,10-01-1968 ,2426.8579999999997
435,11-01-1968 ,2189.763
436,12-01-1968 ,1775.5539999999999
437,13-01-1968 ,1632.485
438,14-01-1968 ,1658.0520000000001
439,15-01-1968 ,1658.5910000000001
440,16-01-1968 ,1653.695
441,17-01-1968 ,1616.96
442,18-01-1968 ,1434.905
443,19-01-1968 ,1253.279
444,20-01-1968 ,1143.406
445,21-01-1968 ,1131.219
446,22-01-1968 ,1111.248
447,23-01-1968 ,1098.522
448,24-01-1968 ,1108.82
449,25-01-1968 ,1083.867
450,26-01-1968 ,1061.236
451,27-01-1968 ,1089.714
452,28-01-1968 ,1087.008
453,29-01-1968 ,1066.086
454,30-01-1968 ,1040.632
455,31-01-1968 ,1007.503
456,01-01-1969 ,710.31
457,02-01-1969 ,709.423
458,03-01-1969 ,705.419
459,04-01-1969 ,688.993
460,05-01-1969 ,676.81
461,06-01-1969 ,668.694
462,07-01-1969 ,645.236
463,08-01-1969 ,747.179
464,09-01-1969 ,1107.34
465,10-01-1969 ,1137.88
466,11-01-1969 ,1137.88
467,12-01-1969 ,1160.563
468,13-01-1969 ,1239.987
469,14-01-1969 ,1271.39
470,15-01-1969 ,1308.516
471,16-01-1969 ,1327.5520000000001
472,17-01-1969 ,1343.136
473,18-01-1969 ,1389.8629999999998
474,19-01-1969 ,1393.489
475,20-01-1969 ,1393.489
476,21-01-1969 ,1393.489
477,22-01-1969 ,1393.489
478,23-01-1969 ,1393.489
479,24-01-1969 ,1404.134
480,25-01-1969 ,1438.865
481,26-01-1969 ,1441.5529999999999
482,27-01-1969 ,1441.5529999999999
483,28-01-1969 ,1430.836
484,29-01-1969 ,1396.141
485,30-01-1969 ,1398.7939999999999
486,31-01-1969 ,1518.8870000000002
487,01-01-1970 ,994.857
488,02-01-1970 ,1076.974
489,03-01-1970 ,1080.688
490,04-01-1970 ,1013.202
491,05-01-1970 ,958.211
492,06-01-1970 ,947.377
493,07-01-1970 ,921.1360000000001
494,08-01-1970 ,911.194
495,09-01-1970 ,1014.341
496,10-01-1970 ,1295.499
497,11-01-1970 ,1301.562
498,12-01-1970 ,1204.275
499,13-01-1970 ,1016.279
500,14-01-1970 ,973.205
501,15-01-1970 ,977.688
502,16-01-1970 ,1041.785
503,17-01-1970 ,1055.046
504,18-01-1970 ,1099.0639999999999
505,19-01-1970 ,1140.395
506,20-01-1970 ,1071.737
507,21-01-1970 ,1030.864
508,22-01-1970 ,1063.315
509,23-01-1970 ,1030.864
510,24-01-1970 ,1097.015
511,25-01-1970 ,1174.222
512,26-01-1970 ,1198.131
513,27-01-1970 ,1092.305
514,28-01-1970 ,1083.766
515,29-01-1970 ,1079.913
516,30-01-1970 ,1059.268
517,31-01-1970 ,1035.701
518,01-01-1971 ,1101.662
519,02-01-1971 ,989.8969999999999
520,03-01-1971 ,975.685
521,04-01-1971 ,1152.108
522,05-01-1971 ,1224.681
523,06-01-1971 ,
524,07-01-1971 ,
525,08-01-1971 ,
526,09-01-1971 ,
527,10-01-1971 ,
528,11-01-1971 ,
529,12-01-1971 ,
530,13-01-1971 ,
531,14-01-1971 ,
532,15-01-1971 ,
533,16-01-1971 ,
534,17-01-1971 ,
535,18-01-1971 ,
536,19-01-1971 ,
537,20-01-1971 ,
538,21-01-1971 ,
539,22-01-1971 ,
540,23-01-1971 ,
541,24-01-1971 ,
542,25-01-1971 ,
543,26-01-1971 ,
544,27-01-1971 ,
545,28-01-1971 ,
546,29-01-1971 ,
547,30-01-1971 ,
548,31-01-1971 ,
549,01-01-1972 ,1288.0330000000001
550,02-01-1972 ,1460.8329999999999
551,03-01-1972 ,1425.2879999999998
552,04-01-1972 ,1395.5810000000001
553,05-01-1972 ,1471.414
554,06-01-1972 ,1303.94
555,07-01-1972 ,1259.327
556,08-01-1972 ,1118.649
557,09-01-1972 ,1195.39
558,10-01-1972 ,1197.259
559,11-01-1972 ,1175.577
560,12-01-1972 ,1242.093
561,13-01-1972 ,1346.2839999999999
562,14-01-1972 ,1587.21
563,15-01-1972 ,1458.245
564,16-01-1972 ,1131.4489999999998
565,17-01-1972 ,954.227
566,18-01-1972 ,3638.039
567,19-01-1972 ,2841.9309999999996
568,20-01-1972 ,1385.3929999999998
569,21-01-1972 ,965.049
570,22-01-1972 ,679.806
571,23-01-1972 ,593.877
572,24-01-1972 ,628.555
573,25-01-1972 ,926.7389999999999
574,26-01-1972 ,825.5419999999999
575,27-01-1972 ,827.878
576,28-01-1972 ,757.949
577,29-01-1972 ,951.428
578,30-01-1972 ,1211.11
579,31-01-1972 ,1168.3319999999999
580,01-01-1973 ,3066.955
581,02-01-1973 ,3598.192
582,03-01-1973 ,3618.026
583,04-01-1973 ,3608.1009999999997
584,05-01-1973 ,3610.074
585,06-01-1973 ,4000.281
586,07-01-1973 ,4140.3820000000005
587,08-01-1973 ,4144.633
588,09-01-1973 ,4132.745
589,10-01-1973 ,4124.393
590,11-01-1973 ,4127.649
591,12-01-1973 ,4091.034
592,13-01-1973 ,3686.441
593,14-01-1973 ,3518.782
594,15-01-1973 ,3499.633
595,16-01-1973 ,3204.3509999999997
596,17-01-1973 ,3149.8940000000002
597,18-01-1973 ,3131.0879999999997
598,19-01-1973 ,3127.4390000000003
599,20-01-1973 ,3120.886
600,21-01-1973 ,3116.577
601,22-01-1973 ,3107.0370000000003
602,23-01-1973 ,3131.131
603,24-01-1973 ,3753.489
604,25-01-1973 ,3657.987
605,26-01-1973 ,3984.572
606,27-01-1973 ,4096.979
607,28-01-1973 ,3659.265
608,29-01-1973 ,1486.733
609,30-01-1973 ,624.1030000000001
610,31-01-1973 ,542.359
611,01-01-1974 ,762.205
612,02-01-1974 ,657.1060000000001
613,03-01-1974 ,484.749
614,04-01-1974 ,404.74300000000005
615,05-01-1974 ,357.277
616,06-01-1974 ,455.592
617,07-01-1974 ,746.807
618,08-01-1974 ,669.683
619,09-01-1974 ,412.536
620,10-01-1974 ,313.197
621,11-01-1974 ,4128.858
622,12-01-1974 ,18382.221
623,13-01-1974 ,6127.241999999999
624,14-01-1974 ,2354.201
625,15-01-1974 ,1382.7879999999998
626,16-01-1974 ,962.659
627,17-01-1974 ,747.102
628,18-01-1974 ,630.105
629,19-01-1974 ,523.9680000000001
630,20-01-1974 ,459.176
631,21-01-1974 ,414.61800000000005
632,22-01-1974 ,371.23400000000004
633,23-01-1974 ,334.65
634,24-01-1974 ,519.691
635,25-01-1974 ,415.458
636,26-01-1974 ,319.069
637,27-01-1974 ,518.159
638,28-01-1974 ,657.5039999999999
639,29-01-1974 ,632.028
640,30-01-1974 ,633.8240000000001
641,31-01-1974 ,537.154
642,01-01-1975 ,884.467
643,02-01-1975 ,982.2689999999999
644,03-01-1975 ,1080.104
645,04-01-1975 ,1229.952
646,05-01-1975 ,1274.65
647,06-01-1975 ,1303.697
648,07-01-1975 ,1116.718
649,08-01-1975 ,1063.1589999999999
650,09-01-1975 ,1081.197
651,10-01-1975 ,1131.65
652,11-01-1975 ,1150.65
653,12-01-1975 ,1151.756
654,13-01-1975 ,1160.691
655,14-01-1975 ,927.112
656,15-01-1975 ,241.21099999999998
657,16-01-1975 ,138.877
658,17-01-1975 ,574.405
659,18-01-1975 ,1020.051
660,19-01-1975 ,856.785
661,20-01-1975 ,848.7230000000001
662,21-01-1975 ,840.7330000000001
663,22-01-1975 ,956.155
664,23-01-1975 ,1178.117
665,24-01-1975 ,1265.7169999999999
666,25-01-1975 ,1530.726
667,26-01-1975 ,1623.7520000000002
668,27-01-1975 ,1488.0
669,28-01-1975 ,1424.707
670,29-01-1975 ,1265.741
671,30-01-1975 ,1223.89
672,31-01-1975 ,1234.377
673,01-01-1976 ,1024.315
674,02-01-1976 ,1067.32
675,03-01-1976 ,991.673
676,04-01-1976 ,957.535
677,05-01-1976 ,974.2739999999999
678,06-01-1976 ,1756.2620000000002
679,07-01-1976 ,2134.794
680,08-01-1976 ,1534.26
681,09-01-1976 ,1369.499
682,10-01-1976 ,1375.745
683,11-01-1976 ,1374.1589999999999
684,12-01-1976 ,1388.914
685,13-01-1976 ,1132.437
686,14-01-1976 ,845.258
687,15-01-1976 ,933.185
688,16-01-1976 ,1006.4
689,17-01-1976 ,1031.306
690,18-01-1976 ,1132.451
691,19-01-1976 ,1183.565
692,20-01-1976 ,1197.353
693,21-01-1976 ,1351.567
694,22-01-1976 ,5798.9490000000005
695,23-01-1976 ,37108.466
696,24-01-1976 ,49479.867999999995
697,25-01-1976 ,32740.965
698,26-01-1976 ,16565.332
699,27-01-1976 ,11856.533000000001
700,28-01-1976 ,9655.644
701,29-01-1976 ,7577.146
702,30-01-1976 ,3934.522
703,31-01-1976 ,1833.0120000000002
704,01-01-1977 ,808.318
705,02-01-1977 ,802.2769999999999
706,03-01-1977 ,816.164
707,04-01-1977 ,815.373
708,05-01-1977 ,1142.619
709,06-01-1977 ,1191.295
710,07-01-1977 ,1154.61
711,08-01-1977 ,1152.987
712,09-01-1977 ,1150.685
713,10-01-1977 ,1146.195
714,11-01-1977 ,1170.21
715,12-01-1977 ,1293.622
716,13-01-1977 ,1345.306
717,14-01-1977 ,1379.682
718,15-01-1977 ,1857.431
719,16-01-1977 ,1717.72
720,17-01-1977 ,1707.0729999999999
721,18-01-1977 ,1502.908
722,19-01-1977 ,1449.933
723,20-01-1977 ,1383.1989999999998
724,21-01-1977 ,1239.577
725,22-01-1977 ,1214.472
726,23-01-1977 ,1238.045
727,24-01-1977 ,1235.319
728,25-01-1977 ,1227.2910000000002
729,26-01-1977 ,1221.7069999999999
730,27-01-1977 ,1313.5079999999998
731,28-01-1977 ,1345.309
732,29-01-1977 ,1283.231
733,30-01-1977 ,1261.507
734,31-01-1977 ,1251.518
735,01-01-1978 ,2934.015
736,02-01-1978 ,2957.98
737,03-01-1978 ,2949.427
738,04-01-1978 ,2922.171
739,05-01-1978 ,2387.308
740,06-01-1978 ,2102.33
741,07-01-1978 ,1373.5720000000001
742,08-01-1978 ,1076.013
743,09-01-1978 ,1056.463
744,10-01-1978 ,1166.345
745,11-01-1978 ,1173.33
746,12-01-1978 ,1179.095
747,13-01-1978 ,1334.235
748,14-01-1978 ,1382.31
749,15-01-1978 ,1382.5639999999999
750,16-01-1978 ,1390.9589999999998
751,17-01-1978 ,1538.025
752,18-01-1978 ,1654.4560000000001
753,19-01-1978 ,1192.633
754,20-01-1978 ,515.991
755,21-01-1978 ,629.244
756,22-01-1978 ,962.201
757,23-01-1978 ,1131.869
758,24-01-1978 ,2284.334
759,25-01-1978 ,6924.811
760,26-01-1978 ,1729.875
761,27-01-1978 ,933.23
762,28-01-1978 ,5767.812
763,29-01-1978 ,11205.833999999999
764,30-01-1978 ,6628.868
765,31-01-1978 ,4075.9309999999996
766,01-01-1979 ,1027.246
767,02-01-1979 ,1011.137
768,03-01-1979 ,865.615
769,04-01-1979 ,806.84
770,05-01-1979 ,970.1469999999999
771,06-01-1979 ,1082.893
772,07-01-1979 ,1075.47
773,08-01-1979 ,1073.0
774,09-01-1979 ,2115.494
775,10-01-1979 ,2395.901
776,11-01-1979 ,2314.413
777,12-01-1979 ,2291.337
778,13-01-1979 ,2173.377
779,14-01-1979 ,2235.37
780,15-01-1979 ,2227.527
781,16-01-1979 ,2025.9979999999998
782,17-01-1979 ,1903.3629999999998
783,18-01-1979 ,1825.457
784,19-01-1979 ,1711.3770000000002
785,20-01-1979 ,1601.8729999999998
786,21-01-1979 ,1550.915
787,22-01-1979 ,1551.4270000000001
788,23-01-1979 ,1492.715
789,24-01-1979 ,1526.2379999999998
790,25-01-1979 ,1620.261
791,26-01-1979 ,1906.6370000000002
792,27-01-1979 ,1972.54
793,28-01-1979 ,2002.4360000000001
794,29-01-1979 ,2016.5279999999998
795,30-01-1979 ,2019.378
796,31-01-1979 ,1817.2320000000002
797,01-01-1980 ,2518.989
798,02-01-1980 ,2541.616
799,03-01-1980 ,2549.646
800,04-01-1980 ,2813.3990000000003
801,05-01-1980 ,2347.305
802,06-01-1980 ,1888.32
803,07-01-1980 ,1850.271
804,08-01-1980 ,1843.9820000000002
805,09-01-1980 ,1847.493
806,10-01-1980 ,1851.316
807,11-01-1980 ,1611.61
808,12-01-1980 ,1552.287
809,13-01-1980 ,1580.579
810,14-01-1980 ,1792.39
811,15-01-1980 ,1510.624
812,16-01-1980 ,1748.2079999999999
813,17-01-1980 ,1807.7720000000002
814,18-01-1980 ,1816.8020000000001
815,19-01-1980 ,1919.2320000000002
816,20-01-1980 ,1997.496
817,21-01-1980 ,2003.2620000000002
818,22-01-1980 ,2018.585
819,23-01-1980 ,2292.125
820,24-01-1980 ,2345.8089999999997
821,25-01-1980 ,2376.606
822,26-01-1980 ,2750.507
823,27-01-1980 ,2840.6820000000002
824,28-01-1980 ,2794.387
825,29-01-1980 ,2778.1240000000003
826,30-01-1980 ,2783.502
827,31-01-1980 ,2791.3990000000003
828,01-01-1981 ,1515.271
829,02-01-1981 ,1471.681
830,03-01-1981 ,1467.464
831,04-01-1981 ,1534.8629999999998
832,05-01-1981 ,1486.3310000000001
833,06-01-1981 ,1479.211
834,07-01-1981 ,1468.024
835,08-01-1981 ,893.4830000000001
836,09-01-1981 ,932.434
837,10-01-1981 ,1270.2730000000001
838,11-01-1981 ,1346.24
839,12-01-1981 ,1417.025
840,13-01-1981 ,1395.9660000000001
841,14-01-1981 ,1483.255
842,15-01-1981 ,1526.3329999999999
843,16-01-1981 ,1525.5870000000002
844,17-01-1981 ,1524.51
845,18-01-1981 ,1532.87
846,19-01-1981 ,1524.529
847,20-01-1981 ,1422.009
848,21-01-1981 ,1390.98
849,22-01-1981 ,1500.924
850,23-01-1981 ,1399.406
851,24-01-1981 ,1454.991
852,25-01-1981 ,1510.615
853,26-01-1981 ,1502.2379999999998
854,27-01-1981 ,1494.707
855,28-01-1981 ,1489.915
856,29-01-1981 ,1488.876
857,30-01-1981 ,1339.8770000000002
858,31-01-1981 ,1226.435
859,01-01-1982 ,1571.25
860,02-01-1982 ,1582.332
861,03-01-1982 ,1584.0629999999999
862,04-01-1982 ,1579.007
863,05-01-1982 ,1584.906
864,06-01-1982 ,1663.8339999999998
865,07-01-1982 ,1875.2979999999998
866,08-01-1982 ,2046.471
867,09-01-1982 ,2087.703
868,10-01-1982 ,2096.657
869,11-01-1982 ,2109.5429999999997
870,12-01-1982 ,1897.329
871,13-01-1982 ,1816.634
872,14-01-1982 ,1929.1729999999998
873,15-01-1982 ,1871.514
874,16-01-1982 ,1659.991
875,17-01-1982 ,1556.704
876,18-01-1982 ,1873.964
877,19-01-1982 ,1564.991
878,20-01-1982 ,1644.973
879,21-01-1982 ,1458.7720000000002
880,22-01-1982 ,1217.063
881,23-01-1982 ,1253.987
882,24-01-1982 ,1305.787
883,25-01-1982 ,1290.078
884,26-01-1982 ,1303.473
885,27-01-1982 ,1496.035
886,28-01-1982 ,1596.713
887,29-01-1982 ,1595.2020000000002
888,30-01-1982 ,1841.965
889,31-01-1982 ,1826.33
890,01-01-1983 ,1372.402
891,02-01-1983 ,994.422
892,03-01-1983 ,2700.461
893,04-01-1983 ,1473.5120000000002
894,05-01-1983 ,500.189
895,06-01-1983 ,695.875
896,07-01-1983 ,753.712
897,08-01-1983 ,651.04
898,09-01-1983 ,624.106
899,10-01-1983 ,612.889
900,11-01-1983 ,614.335
901,12-01-1983 ,613.137
902,13-01-1983 ,617.589
903,14-01-1983 ,625.465
904,15-01-1983 ,629.798
905,16-01-1983 ,619.363
906,17-01-1983 ,620.034
907,18-01-1983 ,610.614
908,19-01-1983 ,611.123
909,20-01-1983 ,605.1619999999999
910,21-01-1983 ,576.924
911,22-01-1983 ,539.734
912,23-01-1983 ,519.633
913,24-01-1983 ,513.6030000000001
914,25-01-1983 ,524.654
915,26-01-1983 ,1593.783
916,27-01-1983 ,478.77099999999996
917,28-01-1983 ,296.313
918,29-01-1983 ,324.468
919,30-01-1983 ,583.88
920,31-01-1983 ,580.411
921,01-01-1984 ,997.9060000000001
922,02-01-1984 ,3679.592
923,03-01-1984 ,4693.771
924,04-01-1984 ,1540.63
925,05-01-1984 ,731.4730000000001
926,06-01-1984 ,509.24800000000005
927,07-01-1984 ,450.436
928,08-01-1984 ,424.31300000000005
929,09-01-1984 ,407.994
930,10-01-1984 ,384.602
931,11-01-1984 ,329.135
932,12-01-1984 ,324.366
933,13-01-1984 ,2122.749
934,14-01-1984 ,655.887
935,15-01-1984 ,597.395
936,16-01-1984 ,4178.093
937,17-01-1984 ,4770.275
938,18-01-1984 ,2169.775
939,19-01-1984 ,973.2710000000001
940,20-01-1984 ,633.637
941,21-01-1984 ,509.88800000000003
942,22-01-1984 ,453.676
943,23-01-1984 ,414.48199999999997
944,24-01-1984 ,383.095
945,25-01-1984 ,373.86300000000006
946,26-01-1984 ,438.47
947,27-01-1984 ,6623.629
948,28-01-1984 ,6083.206999999999
949,29-01-1984 ,2116.782
950,30-01-1984 ,3960.5759999999996
951,31-01-1984 ,8208.74
952,01-01-1985 ,1126.874
953,02-01-1985 ,1105.744
954,03-01-1985 ,1148.598
955,04-01-1985 ,1141.1689999999999
956,05-01-1985 ,1264.156
957,06-01-1985 ,1309.798
958,07-01-1985 ,1317.6170000000002
959,08-01-1985 ,1289.143
960,09-01-1985 ,1143.255
961,10-01-1985 ,1277.44
962,11-01-1985 ,1386.4979999999998
963,12-01-1985 ,1383.856
964,13-01-1985 ,1278.745
965,14-01-1985 ,1258.601
966,15-01-1985 ,1951.965
967,16-01-1985 ,2311.527
968,17-01-1985 ,3034.034
969,18-01-1985 ,3198.357
970,19-01-1985 ,2594.423
971,20-01-1985 ,2463.072
972,21-01-1985 ,2435.97
973,22-01-1985 ,2411.496
974,23-01-1985 ,1851.506
975,24-01-1985 ,1734.715
976,25-01-1985 ,1769.351
977,26-01-1985 ,1842.381
978,27-01-1985 ,1866.9279999999999
979,28-01-1985 ,1854.565
980,29-01-1985 ,1841.138
981,30-01-1985 ,1837.297
982,31-01-1985 ,1669.785
983,01-01-1986 ,1609.77
984,02-01-1986 ,1909.8110000000001
985,03-01-1986 ,2018.164
986,04-01-1986 ,2726.395
987,05-01-1986 ,2966.2129999999997
988,06-01-1986 ,2632.8
989,07-01-1986 ,2373.113
990,08-01-1986 ,2303.827
991,09-01-1986 ,2304.501
992,10-01-1986 ,2209.929
993,11-01-1986 ,2159.617
994,12-01-1986 ,2165.15
995,13-01-1986 ,2028.2910000000002
996,14-01-1986 ,2003.408
997,15-01-1986 ,2125.2729999999997
998,16-01-1986 ,2572.748
999,17-01-1986 ,2748.7009999999996
1000,18-01-1986 ,1576.249
1001,19-01-1986 ,1344.503
1002,20-01-1986 ,1429.892
1003,21-01-1986 ,1351.154
1004,22-01-1986 ,1314.665
1005,23-01-1986 ,1337.434
1006,24-01-1986 ,1267.0610000000001
1007,25-01-1986 ,1220.808
1008,26-01-1986 ,1220.864
1009,27-01-1986 ,1199.734
1010,28-01-1986 ,1198.605
1011,29-01-1986 ,1187.882
1012,30-01-1986 ,1528.079
1013,31-01-1986 ,1687.854
1014,01-01-1987 ,1696.4
1015,02-01-1987 ,1721.257
1016,03-01-1987 ,1529.3870000000002
1017,04-01-1987 ,1428.382
1018,05-01-1987 ,1420.9360000000001
1019,06-01-1987 ,1422.122
1020,07-01-1987 ,1232.896
1021,08-01-1987 ,1344.38
1022,09-01-1987 ,1404.309
1023,10-01-1987 ,1557.1960000000001
1024,11-01-1987 ,1624.602
1025,12-01-1987 ,1629.49
1026,13-01-1987 ,1658.25
1027,14-01-1987 ,1645.3670000000002
1028,15-01-1987 ,1639.52
1029,16-01-1987 ,1744.444
1030,17-01-1987 ,2060.549
1031,18-01-1987 ,2192.022
1032,19-01-1987 ,2118.092
1033,20-01-1987 ,2116.569
1034,21-01-1987 ,2095.371
1035,22-01-1987 ,1956.7579999999998
1036,23-01-1987 ,1851.317
1037,24-01-1987 ,1770.239
1038,25-01-1987 ,1750.8239999999998
1039,26-01-1987 ,1769.8
1040,27-01-1987 ,1872.049
1041,28-01-1987 ,1911.7079999999999
1042,29-01-1987 ,1788.753
1043,30-01-1987 ,1804.1570000000002
1044,31-01-1987 ,1651.6229999999998
1045,01-01-1988 ,1390.751
1046,02-01-1988 ,1448.01
1047,03-01-1988 ,1378.381
1048,04-01-1988 ,1402.239
1049,05-01-1988 ,1252.1689999999999
1050,06-01-1988 ,1263.962
1051,07-01-1988 ,1488.7679999999998
1052,08-01-1988 ,1631.776
1053,09-01-1988 ,1626.474
1054,10-01-1988 ,1604.515
1055,11-01-1988 ,1608.846
1056,12-01-1988 ,1673.605
1057,13-01-1988 ,1831.786
1058,14-01-1988 ,2261.1
1059,15-01-1988 ,3018.89
1060,16-01-1988 ,3239.9390000000003
1061,17-01-1988 ,2730.474
1062,18-01-1988 ,2470.274
1063,19-01-1988 ,2081.0429999999997
1064,20-01-1988 ,2097.482
1065,21-01-1988 ,2342.175
1066,22-01-1988 ,2362.57
1067,23-01-1988 ,2564.901
1068,24-01-1988 ,2679.4
1069,25-01-1988 ,2661.3509999999997
1070,26-01-1988 ,2180.315
1071,27-01-1988 ,2109.867
1072,28-01-1988 ,2796.8540000000003
1073,29-01-1988 ,3856.175
1074,30-01-1988 ,4013.2009999999996
1075,31-01-1988 ,3891.0759999999996
1076,01-01-1989 ,3380.797
1077,02-01-1989 ,4557.175
1078,03-01-1989 ,5941.234
1079,04-01-1989 ,5869.31
1080,05-01-1989 ,4730.13
1081,06-01-1989 ,3453.0290000000005
1082,07-01-1989 ,2346.357
1083,08-01-1989 ,1584.943
1084,09-01-1989 ,1470.101
1085,10-01-1989 ,1420.05
1086,11-01-1989 ,1391.22
1087,12-01-1989 ,1492.067
1088,13-01-1989 ,1646.296
1089,14-01-1989 ,1690.131
1090,15-01-1989 ,1685.9820000000002
1091,16-01-1989 ,1584.5810000000001
1092,17-01-1989 ,1589.094
1093,18-01-1989 ,1741.224
1094,19-01-1989 ,1773.658
1095,20-01-1989 ,1774.3410000000001
1096,21-01-1989 ,1868.338
1097,22-01-1989 ,1938.264
1098,23-01-1989 ,1913.743
1099,24-01-1989 ,1689.104
1100,25-01-1989 ,1768.339
1101,26-01-1989 ,2015.3339999999998
1102,27-01-1989 ,2082.1420000000003
1103,28-01-1989 ,2154.205
1104,29-01-1989 ,2054.736
1105,30-01-1989 ,2102.687
1106,31-01-1989 ,1905.751
1107,01-01-1990 ,1771.656
1108,02-01-1990 ,1767.6029999999998
1109,03-01-1990 ,1683.48
1110,04-01-1990 ,1892.721
1111,05-01-1990 ,1980.557
1112,06-01-1990 ,2116.6220000000003
1113,07-01-1990 ,2226.999
1114,08-01-1990 ,2181.0879999999997
1115,09-01-1990 ,1888.713
1116,10-01-1990 ,1627.71
1117,11-01-1990 ,1518.9389999999999
1118,12-01-1990 ,1500.121
1119,13-01-1990 ,1618.27
1120,14-01-1990 ,1608.414
1121,15-01-1990 ,1589.849
1122,16-01-1990 ,1639.0810000000001
1123,17-01-1990 ,1557.405
1124,18-01-1990 ,1564.1629999999998
1125,19-01-1990 ,1569.611
1126,20-01-1990 ,1672.536
1127,21-01-1990 ,1827.945
1128,22-01-1990 ,1725.455
1129,23-01-1990 ,1750.116
1130,24-01-1990 ,1789.128
1131,25-01-1990 ,1884.161
1132,26-01-1990 ,1916.254
1133,27-01-1990 ,1918.848
1134,28-01-1990 ,1922.895
1135,29-01-1990 ,1928.354
1136,30-01-1990 ,1742.219
1137,31-01-1990 ,1711.444
1138,01-01-1991 ,1504.55
1139,02-01-1991 ,1601.325
1140,03-01-1991 ,1461.8529999999998
1141,04-01-1991 ,1408.6370000000002
1142,05-01-1991 ,1526.836
1143,06-01-1991 ,1627.1170000000002
1144,07-01-1991 ,1503.131
1145,08-01-1991 ,1334.681
1146,09-01-1991 ,1271.4660000000001
1147,10-01-1991 ,1401.254
1148,11-01-1991 ,1487.516
1149,12-01-1991 ,1474.636
1150,13-01-1991 ,1366.832
1151,14-01-1991 ,1318.273
1152,15-01-1991 ,1296.2069999999999
1153,16-01-1991 ,1390.501
1154,17-01-1991 ,1507.741
1155,18-01-1991 ,1442.685
1156,19-01-1991 ,1408.6689999999999
1157,20-01-1991 ,1418.3429999999998
1158,21-01-1991 ,1414.136
1159,22-01-1991 ,1292.167
1160,23-01-1991 ,1140.708
1161,24-01-1991 ,1069.242
1162,25-01-1991 ,1167.798
1163,26-01-1991 ,948.6239999999999
1164,27-01-1991 ,828.703
1165,28-01-1991 ,817.9739999999999
1166,29-01-1991 ,847.11
1167,30-01-1991 ,766.753
1168,31-01-1991 ,741.765
1169,01-01-1992 ,1166.7839999999999
1170,02-01-1992 ,1435.2479999999998
1171,03-01-1992 ,1502.046
1172,04-01-1992 ,1246.904
1173,05-01-1992 ,1273.684
1174,06-01-1992 ,1193.002
1175,07-01-1992 ,1397.0729999999999
1176,08-01-1992 ,1686.009
1177,09-01-1992 ,1493.579
1178,10-01-1992 ,1353.381
1179,11-01-1992 ,1084.989
1180,12-01-1992 ,1401.9229999999998
1181,13-01-1992 ,1220.611
1182,14-01-1992 ,1051.836
1183,15-01-1992 ,1200.943
1184,16-01-1992 ,1443.0510000000002
1185,17-01-1992 ,2211.18
1186,18-01-1992 ,2290.593
1187,19-01-1992 ,2245.153
1188,20-01-1992 ,2241.153
1189,21-01-1992 ,2845.2929999999997
1190,22-01-1992 ,2894.5640000000003
1191,23-01-1992 ,3074.13
1192,24-01-1992 ,4028.7540000000004
1193,25-01-1992 ,2471.121
1194,26-01-1992 ,1036.947
1195,27-01-1992 ,1101.697
1196,28-01-1992 ,1367.2779999999998
1197,29-01-1992 ,1541.105
1198,30-01-1992 ,1730.6629999999998
1199,31-01-1992 ,1723.9470000000001
1200,01-01-1993 ,4911.369000000001
1201,02-01-1993 ,3684.725
1202,03-01-1993 ,3253.587
1203,04-01-1993 ,2866.534
1204,05-01-1993 ,2974.61
1205,06-01-1993 ,2891.155
1206,07-01-1993 ,1378.3029999999999
1207,08-01-1993 ,990.263
1208,09-01-1993 ,915.2510000000001
1209,10-01-1993 ,868.2130000000001
1210,11-01-1993 ,845.296
1211,12-01-1993 ,1026.6019999999999
1212,13-01-1993 ,1252.95
1213,14-01-1993 ,1361.705
1214,15-01-1993 ,1632.6979999999999
1215,16-01-1993 ,1750.723
1216,17-01-1993 ,1776.641
1217,18-01-1993 ,1757.005
1218,19-01-1993 ,1429.023
1219,20-01-1993 ,1238.9289999999999
1220,21-01-1993 ,1186.687
1221,22-01-1993 ,1187.639
1222,23-01-1993 ,1330.789
1223,24-01-1993 ,1474.854
1224,25-01-1993 ,1358.381
1225,26-01-1993 ,1198.835
1226,27-01-1993 ,1125.4180000000001
1227,28-01-1993 ,948.518
1228,29-01-1993 ,702.57
1229,30-01-1993 ,802.91
1230,31-01-1993 ,911.6010000000001
1231,01-01-1994 ,1020.294
1232,02-01-1994 ,1002.5210000000001
1233,03-01-1994 ,1130.354
1234,04-01-1994 ,1195.738
1235,05-01-1994 ,1375.733
1236,06-01-1994 ,1451.8039999999999
1237,07-01-1994 ,1858.826
1238,08-01-1994 ,2333.286
1239,09-01-1994 ,2437.989
1240,10-01-1994 ,2452.123
1241,11-01-1994 ,2461.17
1242,12-01-1994 ,2460.159
1243,13-01-1994 ,2278.871
1244,14-01-1994 ,2200.291
1245,15-01-1994 ,2197.522
1246,16-01-1994 ,2195.599
1247,17-01-1994 ,2273.262
1248,18-01-1994 ,2186.146
1249,19-01-1994 ,2053.114
1250,20-01-1994 ,2031.598
1251,21-01-1994 ,2029.651
1252,22-01-1994 ,1958.223
1253,23-01-1994 ,1956.1370000000002
1254,24-01-1994 ,1895.661
1255,25-01-1994 ,1861.729
1256,26-01-1994 ,1891.2
1257,27-01-1994 ,1922.13
1258,28-01-1994 ,1935.22
1259,29-01-1994 ,1996.576
1260,30-01-1994 ,2008.618
1261,31-01-1994 ,1890.5620000000001
1262,01-01-1995 ,3596.3379999999997
1263,02-01-1995 ,3571.868
1264,03-01-1995 ,3426.384
1265,04-01-1995 ,3572.5240000000003
1266,05-01-1995 ,3626.8059999999996
1267,06-01-1995 ,3658.7729999999997
1268,07-01-1995 ,3643.4390000000003
1269,08-01-1995 ,2787.134
1270,09-01-1995 ,3367.822
1271,10-01-1995 ,3260.7329999999997
1272,11-01-1995 ,3179.821
1273,12-01-1995 ,3149.3709999999996
1274,13-01-1995 ,3148.599
1275,14-01-1995 ,3096.131
1276,15-01-1995 ,3107.434
1277,16-01-1995 ,3028.978
1278,17-01-1995 ,3055.0359999999996
1279,18-01-1995 ,3085.282
1280,19-01-1995 ,3034.554
1281,20-01-1995 ,2990.2459999999996
1282,21-01-1995 ,3840.455
1283,22-01-1995 ,2800.111
1284,23-01-1995 ,1845.124
1285,24-01-1995 ,1241.063
1286,25-01-1995 ,1033.015
1287,26-01-1995 ,1027.306
1288,27-01-1995 ,1020.335
1289,28-01-1995 ,1020.5939999999999
1290,29-01-1995 ,962.0880000000001
1291,30-01-1995 ,1087.116
1292,31-01-1995 ,1135.387
1293,01-01-1996 ,1889.9979999999998
1294,02-01-1996 ,1925.473
1295,03-01-1996 ,2254.88
1296,04-01-1996 ,1925.217
1297,05-01-1996 ,1437.185
1298,06-01-1996 ,1242.485
1299,07-01-1996 ,1066.663
1300,08-01-1996 ,963.627
1301,09-01-1996 ,1035.1589999999999
1302,10-01-1996 ,1091.111
1303,11-01-1996 ,1062.375
1304,12-01-1996 ,1022.83
1305,13-01-1996 ,1246.652
1306,14-01-1996 ,1550.886
1307,15-01-1996 ,1555.326
1308,16-01-1996 ,1579.217
1309,17-01-1996 ,1601.6429999999998
1310,18-01-1996 ,2117.203
1311,19-01-1996 ,2555.769
1312,20-01-1996 ,2588.698
1313,21-01-1996 ,2565.297
1314,22-01-1996 ,2572.605
1315,23-01-1996 ,2554.551
1316,24-01-1996 ,2550.594
1317,25-01-1996 ,2570.492
1318,26-01-1996 ,2628.55
1319,27-01-1996 ,2800.492
1320,28-01-1996 ,2727.259
1321,29-01-1996 ,2625.625
1322,30-01-1996 ,2569.651
1323,31-01-1996 ,2532.8720000000003
1324,01-01-1997 ,1356.2939999999999
1325,02-01-1997 ,1421.19
1326,03-01-1997 ,1431.381
1327,04-01-1997 ,1545.632
1328,05-01-1997 ,1923.7579999999998
1329,06-01-1997 ,2066.916
1330,07-01-1997 ,1818.402
1331,08-01-1997 ,1689.005
1332,09-01-1997 ,1639.338
1333,10-01-1997 ,1631.273
1334,11-01-1997 ,1662.935
1335,12-01-1997 ,1723.404
1336,13-01-1997 ,1635.308
1337,14-01-1997 ,1590.945
1338,15-01-1997 ,1795.8270000000002
1339,16-01-1997 ,2336.784
1340,17-01-1997 ,2409.504
1341,18-01-1997 ,2338.051
1342,19-01-1997 ,2440.927
1343,20-01-1997 ,2462.841
1344,21-01-1997 ,2335.111
1345,22-01-1997 ,2288.716
1346,23-01-1997 ,2268.238
1347,24-01-1997 ,2310.46
1348,25-01-1997 ,2403.064
1349,26-01-1997 ,2687.196
1350,27-01-1997 ,2672.675
1351,28-01-1997 ,2659.387
1352,29-01-1997 ,2553.577
1353,30-01-1997 ,2468.359
1354,31-01-1997 ,2397.658
1355,01-01-1998 ,
1356,02-01-1998 ,
1357,03-01-1998 ,
1358,04-01-1998 ,
1359,05-01-1998 ,
1360,06-01-1998 ,
1361,07-01-1998 ,
1362,08-01-1998 ,
1363,09-01-1998 ,3401.426
1364,10-01-1998 ,3644.9390000000003
1365,11-01-1998 ,3201.77
1366,12-01-1998 ,3137.558
1367,13-01-1998 ,2787.425
1368,14-01-1998 ,2691.9109999999996
1369,15-01-1998 ,2446.054
1370,16-01-1998 ,2168.248
1371,17-01-1998 ,2201.487
1372,18-01-1998 ,2249.468
1373,19-01-1998 ,2493.558
1374,20-01-1998 ,2698.072
1375,21-01-1998 ,2681.0229999999997
1376,22-01-1998 ,2727.066
1377,23-01-1998 ,2764.886
1378,24-01-1998 ,2879.94
1379,25-01-1998 ,3082.7709999999997
1380,26-01-1998 ,3073.317
1381,27-01-1998 ,2977.565
1382,28-01-1998 ,2684.555
1383,29-01-1998 ,2574.845
1384,30-01-1998 ,2486.48
1385,31-01-1998 ,2471.913
1386,01-01-1999 ,1428.421
1387,02-01-1999 ,1533.737
1388,03-01-1999 ,1509.0410000000002
1389,04-01-1999 ,1482.406
1390,05-01-1999 ,1470.239
1391,06-01-1999 ,1515.475
1392,07-01-1999 ,1502.5279999999998
1393,08-01-1999 ,1489.881
1394,09-01-1999 ,1538.884
1395,10-01-1999 ,1582.796
1396,11-01-1999 ,1584.421
1397,12-01-1999 ,1643.102
1398,13-01-1999 ,1812.521
1399,14-01-1999 ,1718.6979999999999
1400,15-01-1999 ,1433.22
1401,16-01-1999 ,1340.874
1402,17-01-1999 ,1379.0520000000001
1403,18-01-1999 ,1415.3470000000002
1404,19-01-1999 ,1340.296
1405,20-01-1999 ,1326.8110000000001
1406,21-01-1999 ,1273.28
1407,22-01-1999 ,1446.257
1408,23-01-1999 ,1594.3570000000002
1409,24-01-1999 ,1497.898
1410,25-01-1999 ,1314.335
1411,26-01-1999 ,933.6310000000001
1412,27-01-1999 ,1017.495
1413,28-01-1999 ,1159.685
1414,29-01-1999 ,1029.615
1415,30-01-1999 ,1040.525
1416,31-01-1999 ,800.3969999999999
1417,01-01-2000 ,759.467
1418,02-01-2000 ,579.75
1419,03-01-2000 ,543.879
1420,04-01-2000 ,742.37
1421,05-01-2000 ,764.34
1422,06-01-2000 ,767.928
1423,07-01-2000 ,736.946
1424,08-01-2000 ,826.5189999999999
1425,09-01-2000 ,1035.039
1426,10-01-2000 ,1221.265
1427,11-01-2000 ,1324.1229999999998
1428,12-01-2000 ,1384.892
1429,13-01-2000 ,1594.921
1430,14-01-2000 ,1874.011
1431,15-01-2000 ,1773.715
1432,16-01-2000 ,1679.065
1433,17-01-2000 ,1673.2939999999999
1434,18-01-2000 ,1654.2910000000002
1435,19-01-2000 ,2006.986
1436,20-01-2000 ,2110.345
1437,21-01-2000 ,1992.914
1438,22-01-2000 ,2160.11
1439,23-01-2000 ,2255.718
1440,24-01-2000 ,2063.73
1441,25-01-2000 ,1973.809
1442,26-01-2000 ,1963.881
1443,27-01-2000 ,1620.8970000000002
1444,28-01-2000 ,1392.156
1445,29-01-2000 ,1370.769
1446,30-01-2000 ,1354.0539999999999
1447,31-01-2000 ,1353.635
1448,01-01-2001 ,1861.7060000000001
1449,02-01-2001 ,1857.1970000000001
1450,03-01-2001 ,1793.263
1451,04-01-2001 ,1942.503
1452,05-01-2001 ,1996.234
1453,06-01-2001 ,2214.971
1454,07-01-2001 ,2424.0460000000003
1455,08-01-2001 ,2483.245
1456,09-01-2001 ,2250.439
1457,10-01-2001 ,2296.22
1458,11-01-2001 ,2326.843
1459,12-01-2001 ,2370.8320000000003
1460,13-01-2001 ,2412.748
1461,14-01-2001 ,2658.3390000000004
1462,15-01-2001 ,2945.107
1463,16-01-2001 ,2803.73
1464,17-01-2001 ,2851.325
1465,18-01-2001 ,3271.8740000000003
1466,19-01-2001 ,2828.3720000000003
1467,20-01-2001 ,2651.2529999999997
1468,21-01-2001 ,2856.768
1469,22-01-2001 ,2769.954
1470,23-01-2001 ,3016.143
1471,24-01-2001 ,3398.7490000000003
1472,25-01-2001 ,3475.179
1473,26-01-2001 ,3481.0609999999997
1474,27-01-2001 ,3259.325
1475,28-01-2001 ,3167.192
1476,29-01-2001 ,2677.8559999999998
1477,30-01-2001 ,2406.56
1478,31-01-2001 ,2308.371
1479,01-01-2002 ,4817.108
1480,02-01-2002 ,4808.258
1481,03-01-2002 ,4813.726
1482,04-01-2002 ,4449.722
1483,05-01-2002 ,4109.504
1484,06-01-2002 ,4014.2090000000003
1485,07-01-2002 ,3987.804
1486,08-01-2002 ,4030.8740000000003
1487,09-01-2002 ,3884.1459999999997
1488,10-01-2002 ,3857.1620000000003
1489,11-01-2002 ,3979.349
1490,12-01-2002 ,4082.489
1491,13-01-2002 ,4094.7740000000003
1492,14-01-2002 ,4088.8459999999995
1493,15-01-2002 ,4064.26
1494,16-01-2002 ,4066.1859999999997
1495,17-01-2002 ,4025.792
1496,18-01-2002 ,3720.752
1497,19-01-2002 ,3712.958
1498,20-01-2002 ,3715.697
1499,21-01-2002 ,3684.6620000000003
1500,22-01-2002 ,3713.3190000000004
1501,23-01-2002 ,4235.7029999999995
1502,24-01-2002 ,4225.972
1503,25-01-2002 ,4040.0609999999997
1504,26-01-2002 ,3871.12
1505,27-01-2002 ,3827.362
1506,28-01-2002 ,3838.7070000000003
1507,29-01-2002 ,3817.014
1508,30-01-2002 ,3833.4159999999997
1509,31-01-2002 ,3605.219
1510,01-01-2003 ,1229.2169999999999
1511,02-01-2003 ,819.523
1512,03-01-2003 ,1057.215
1513,04-01-2003 ,1173.076
1514,05-01-2003 ,1094.844
1515,06-01-2003 ,1077.935
1516,07-01-2003 ,1079.538
1517,08-01-2003 ,1237.675
1518,09-01-2003 ,1313.799
1519,10-01-2003 ,1663.8110000000001
1520,11-01-2003 ,1866.838
1521,12-01-2003 ,1874.842
1522,13-01-2003 ,1842.021
1523,14-01-2003 ,1852.609
1524,15-01-2003 ,1847.971
1525,16-01-2003 ,1672.214
1526,17-01-2003 ,1613.616
1527,18-01-2003 ,1416.5420000000001
1528,19-01-2003 ,1299.329
1529,20-01-2003 ,1277.991
1530,21-01-2003 ,1298.2730000000001
1531,22-01-2003 ,1580.5020000000002
1532,23-01-2003 ,1653.3970000000002
1533,24-01-2003 ,1988.754
1534,25-01-2003 ,1865.749
1535,26-01-2003 ,1899.775
1536,27-01-2003 ,1858.6529999999998
1537,28-01-2003 ,1870.9370000000001
1538,29-01-2003 ,1962.025
1539,30-01-2003 ,2021.384
1540,31-01-2003 ,2023.944
1541,01-01-2004 ,735.8589999999999
1542,02-01-2004 ,620.566
1543,03-01-2004 ,603.269
1544,04-01-2004 ,649.4730000000001
1545,05-01-2004 ,737.8860000000001
1546,06-01-2004 ,729.0980000000001
1547,07-01-2004 ,761.95
1548,08-01-2004 ,745.78
1549,09-01-2004 ,739.582
1550,10-01-2004 ,736.145
1551,11-01-2004 ,740.824
1552,12-01-2004 ,739.937
1553,13-01-2004 ,820.9839999999999
1554,14-01-2004 ,1224.524
1555,15-01-2004 ,605.799
1556,16-01-2004 ,361.65
1557,17-01-2004 ,642.261
1558,18-01-2004 ,406.784
1559,19-01-2004 ,140.94299999999998
1560,20-01-2004 ,107.536
1561,21-01-2004 ,384.225
1562,22-01-2004 ,430.50800000000004
1563,23-01-2004 ,438.335
1564,24-01-2004 ,441.664
1565,25-01-2004 ,443.461
1566,26-01-2004 ,453.904
1567,27-01-2004 ,443.69599999999997
1568,28-01-2004 ,466.22900000000004
1569,29-01-2004 ,562.136
1570,30-01-2004 ,622.775
1571,31-01-2004 ,672.56
1572,01-01-2005 ,904.217
1573,02-01-2005 ,858.75
1574,03-01-2005 ,848.007
1575,04-01-2005 ,881.908
1576,05-01-2005 ,927.5219999999999
1577,06-01-2005 ,674.5169999999999
1578,07-01-2005 ,587.5740000000001
1579,08-01-2005 ,638.023
1580,09-01-2005 ,713.888
1581,10-01-2005 ,707.544
1582,11-01-2005 ,705.605
1583,12-01-2005 ,734.319
1584,13-01-2005 ,790.547
1585,14-01-2005 ,753.568
1586,15-01-2005 ,703.115
1587,16-01-2005 ,699.415
1588,17-01-2005 ,743.4580000000001
1589,18-01-2005 ,768.8
1590,19-01-2005 ,763.96
1591,20-01-2005 ,764.3760000000001
1592,21-01-2005 ,756.9989999999999
1593,22-01-2005 ,697.908
1594,23-01-2005 ,702.4780000000001
1595,24-01-2005 ,999.62
1596,25-01-2005 ,731.9
1597,26-01-2005 ,274.91
1598,27-01-2005 ,283.238
1599,28-01-2005 ,500.305
1600,29-01-2005 ,641.934
1601,30-01-2005 ,661.863
1602,31-01-2005 ,659.0369999999999
1603,01-01-2006 ,1016.818
1604,02-01-2006 ,997.9960000000001
1605,03-01-2006 ,967.347
1606,04-01-2006 ,1274.535
1607,05-01-2006 ,1611.316
1608,06-01-2006 ,2303.705
1609,07-01-2006 ,3075.6690000000003
1610,08-01-2006 ,2839.042
1611,09-01-2006 ,3005.494
1612,10-01-2006 ,2975.053
1613,11-01-2006 ,2992.474
1614,12-01-2006 ,2242.4179999999997
1615,13-01-2006 ,1699.457
1616,14-01-2006 ,1507.32
1617,15-01-2006 ,1604.031
1618,16-01-2006 ,1618.7420000000002
1619,17-01-2006 ,1715.319
1620,18-01-2006 ,1869.799
1621,19-01-2006 ,1896.5839999999998
1622,20-01-2006 ,1151.7089999999998
1623,21-01-2006 ,404.588
1624,22-01-2006 ,361.356
1625,23-01-2006 ,813.192
1626,24-01-2006 ,1711.8370000000002
1627,25-01-2006 ,1518.644
1628,26-01-2006 ,1216.378
1629,27-01-2006 ,1054.204
1630,28-01-2006 ,1073.91
1631,29-01-2006 ,1167.8139999999999
1632,30-01-2006 ,1052.06
1633,31-01-2006 ,1025.917
1634,01-01-2007 ,856.334
1635,02-01-2007 ,898.712
1636,03-01-2007 ,835.8889999999999
1637,04-01-2007 ,779.8789999999999
1638,05-01-2007 ,701.265
1639,06-01-2007 ,650.7769999999999
1640,07-01-2007 ,641.5980000000001
1641,08-01-2007 ,649.3430000000001
1642,09-01-2007 ,680.324
1643,10-01-2007 ,654.029
1644,11-01-2007 ,664.4010000000001
1645,12-01-2007 ,649.979
1646,13-01-2007 ,625.273
1647,14-01-2007 ,685.943
1648,15-01-2007 ,706.826
1649,16-01-2007 ,719.075
1650,17-01-2007 ,814.932
1651,18-01-2007 ,837.855
1652,19-01-2007 ,814.191
1653,20-01-2007 ,828.762
1654,21-01-2007 ,861.22
1655,22-01-2007 ,865.966
1656,23-01-2007 ,799.587
1657,24-01-2007 ,701.518
1658,25-01-2007 ,702.935
1659,26-01-2007 ,695.697
1660,27-01-2007 ,712.807
1661,28-01-2007 ,749.1519999999999
1662,29-01-2007 ,768.232
1663,30-01-2007 ,768.0060000000001
1664,31-01-2007 ,738.304
1665,01-01-2008 ,350.14099999999996
1666,02-01-2008 ,332.343
1667,03-01-2008 ,309.085
1668,04-01-2008 ,505.658
1669,05-01-2008 ,575.328
1670,06-01-2008 ,494.64300000000003
1671,07-01-2008 ,403.899
1672,08-01-2008 ,393.346
1673,09-01-2008 ,394.24800000000005
1674,10-01-2008 ,375.569
1675,11-01-2008 ,380.51
1676,12-01-2008 ,403.853
1677,13-01-2008 ,433.26599999999996
1678,14-01-2008 ,553.867
1679,15-01-2008 ,651.1669999999999
1680,16-01-2008 ,645.695
1681,17-01-2008 ,665.824
1682,18-01-2008 ,622.173
1683,19-01-2008 ,539.373
1684,20-01-2008 ,538.0
1685,21-01-2008 ,530.294
1686,22-01-2008 ,498.69300000000004
1687,23-01-2008 ,445.49199999999996
1688,24-01-2008 ,442.465
1689,25-01-2008 ,491.81300000000005
1690,26-01-2008 ,523.823
1691,27-01-2008 ,493.89300000000003
1692,28-01-2008 ,459.605
1693,29-01-2008 ,423.647
1694,30-01-2008 ,444.05400000000003
1695,31-01-2008 ,511.745
1696,01-01-2009 ,502.95
1697,02-01-2009 ,502.86300000000006
1698,03-01-2009 ,516.239
1699,04-01-2009 ,510.42
1700,05-01-2009 ,534.179
1701,06-01-2009 ,551.722
1702,07-01-2009 ,550.351
1703,08-01-2009 ,580.366
1704,09-01-2009 ,647.651
1705,10-01-2009 ,665.382
1706,11-01-2009 ,654.089
1707,12-01-2009 ,650.335
1708,13-01-2009 ,647.53
1709,14-01-2009 ,652.832
1710,15-01-2009 ,657.3760000000001
1711,16-01-2009 ,674.0880000000001
1712,17-01-2009 ,683.855
1713,18-01-2009 ,683.67
1714,19-01-2009 ,670.1610000000001
1715,20-01-2009 ,670.057
1716,21-01-2009 ,673.618
1717,22-01-2009 ,675.056
1718,23-01-2009 ,691.295
1719,24-01-2009 ,696.908
1720,25-01-2009 ,681.513
1721,26-01-2009 ,727.0269999999999
1722,27-01-2009 ,764.613
1723,28-01-2009 ,744.6239999999999
1724,29-01-2009 ,742.8330000000001
1725,30-01-2009 ,802.665
1726,31-01-2009 ,842.939
1727,01-01-2010 ,233.125
1728,02-01-2010 ,176.24400000000003
1729,03-01-2010 ,141.42
1730,04-01-2010 ,114.126
1731,05-01-2010 ,100.119
1732,06-01-2010 ,94.823
1733,07-01-2010 ,100.406
1734,08-01-2010 ,84.29700000000001
1735,09-01-2010 ,72.538
1736,10-01-2010 ,74.48899999999999
1737,11-01-2010 ,76.127
1738,12-01-2010 ,125.712
1739,13-01-2010 ,121.363
1740,14-01-2010 ,127.374
1741,15-01-2010 ,134.505
1742,16-01-2010 ,132.221
1743,17-01-2010 ,127.928
1744,18-01-2010 ,262.23
1745,19-01-2010 ,613.894
1746,20-01-2010 ,561.482
1747,21-01-2010 ,555.431
1748,22-01-2010 ,552.943
1749,23-01-2010 ,543.664
1750,24-01-2010 ,546.367
1751,25-01-2010 ,548.05
1752,26-01-2010 ,544.859
1753,27-01-2010 ,538.055
1754,28-01-2010 ,540.461
1755,29-01-2010 ,542.785
1756,30-01-2010 ,540.295
1757,31-01-2010 ,544.3480000000001
1758,01-01-2011 ,426.805
1759,02-01-2011 ,367.147
1760,03-01-2011 ,341.125
1761,04-01-2011 ,331.155
1762,05-01-2011 ,380.79400000000004
1763,06-01-2011 ,310.195
1764,07-01-2011 ,284.315
1765,08-01-2011 ,250.43200000000002
1766,09-01-2011 ,231.822
1767,10-01-2011 ,382.431
1768,11-01-2011 ,392.279
1769,12-01-2011 ,266.063
1770,13-01-2011 ,230.347
1771,14-01-2011 ,206.959
1772,15-01-2011 ,195.96900000000002
1773,16-01-2011 ,195.00900000000001
1774,17-01-2011 ,182.51
1775,18-01-2011 ,166.06400000000002
1776,19-01-2011 ,152.65200000000002
1777,20-01-2011 ,139.714
1778,21-01-2011 ,130.851
1779,22-01-2011 ,123.735
1780,23-01-2011 ,133.769
1781,24-01-2011 ,126.57
1782,25-01-2011 ,127.19
1783,26-01-2011 ,117.524
1784,27-01-2011 ,151.291
1785,28-01-2011 ,313.324
1786,29-01-2011 ,474.185
1787,30-01-2011 ,797.127
1788,31-01-2011 ,793.7819999999999
1789,01-01-2012 ,1572.03
1790,02-01-2012 ,1555.192
1791,03-01-2012 ,1581.415
1792,04-01-2012 ,1787.065
1793,05-01-2012 ,2080.8779999999997
1794,06-01-2012 ,2278.907
1795,07-01-2012 ,2642.567
1796,08-01-2012 ,2603.828
1797,09-01-2012 ,2566.74
1798,10-01-2012 ,2601.44
1799,11-01-2012 ,2584.917
1800,12-01-2012 ,2584.048
1801,13-01-2012 ,2548.865
1802,14-01-2012 ,2517.569
1803,15-01-2012 ,2524.502
1804,16-01-2012 ,2492.341
1805,17-01-2012 ,2495.4610000000002
1806,18-01-2012 ,2445.07
1807,19-01-2012 ,2449.008
1808,20-01-2012 ,2443.492
1809,21-01-2012 ,2792.735
1810,22-01-2012 ,3202.361
1811,23-01-2012 ,3261.3509999999997
1812,24-01-2012 ,3216.708
1813,25-01-2012 ,3191.248
1814,26-01-2012 ,3182.366
1815,27-01-2012 ,3164.7670000000003
1816,28-01-2012 ,3157.243
1817,29-01-2012 ,3163.008
1818,30-01-2012 ,3239.635
1819,31-01-2012 ,2936.028
1820,01-01-2013 ,2092.472
1821,02-01-2013 ,2191.261
1822,03-01-2013 ,2242.577
1823,04-01-2013 ,2237.5660000000003
1824,05-01-2013 ,2284.554
1825,06-01-2013 ,2340.2039999999997
1826,07-01-2013 ,2404.098
1827,08-01-2013 ,2377.375
1828,09-01-2013 ,2402.2270000000003
1829,10-01-2013 ,2484.335
1830,11-01-2013 ,2548.275
1831,12-01-2013 ,2549.734
1832,13-01-2013 ,2473.262
1833,14-01-2013 ,2189.134
1834,15-01-2013 ,2146.269
1835,16-01-2013 ,2316.161
1836,17-01-2013 ,2554.674
1837,18-01-2013 ,2699.4840000000004
1838,19-01-2013 ,2722.39
1839,20-01-2013 ,2388.383
1840,21-01-2013 ,2285.083
1841,22-01-2013 ,2256.706
1842,23-01-2013 ,2261.859
1843,24-01-2013 ,2265.435
1844,25-01-2013 ,2191.84
1845,26-01-2013 ,2244.474
1846,27-01-2013 ,2270.424
1847,28-01-2013 ,2271.847
1848,29-01-2013 ,2168.0429999999997
1849,30-01-2013 ,1975.568
1850,31-01-2013 ,1706.741
1851,01-01-2014 ,3144.12
1852,02-01-2014 ,3142.93
1853,03-01-2014 ,2943.4320000000002
1854,04-01-2014 ,2816.492
1855,05-01-2014 ,2812.45
1856,06-01-2014 ,2798.1009999999997
1857,07-01-2014 ,2759.672
1858,08-01-2014 ,2751.026
1859,09-01-2014 ,2777.305
1860,10-01-2014 ,2719.151
1861,11-01-2014 ,2607.353
1862,12-01-2014 ,2573.903
1863,13-01-2014 ,2573.3360000000002
1864,14-01-2014 ,2061.81
1865,15-01-2014 ,1629.932
1866,16-01-2014 ,1564.731
1867,17-01-2014 ,1768.557
1868,18-01-2014 ,1893.7379999999998
1869,19-01-2014 ,2442.268
1870,20-01-2014 ,2701.377
1871,21-01-2014 ,2697.921
1872,22-01-2014 ,2591.5679999999998
1873,23-01-2014 ,2164.399
1874,24-01-2014 ,1844.66
1875,25-01-2014 ,1815.119
1876,26-01-2014 ,1622.872
1877,27-01-2014 ,1518.4879999999998
1878,28-01-2014 ,1629.25
1879,29-01-2014 ,1765.432
1880,30-01-2014 ,1744.296
1881,31-01-2014 ,1736.489
1882,01-01-2015 ,2438.998
1883,02-01-2015 ,2923.33
1884,03-01-2015 ,3053.087
1885,04-01-2015 ,2842.534
1886,05-01-2015 ,2764.3790000000004
1887,06-01-2015 ,2765.9840000000004
1888,07-01-2015 ,2701.0040000000004
1889,08-01-2015 ,2677.565
1890,09-01-2015 ,2698.212
1891,10-01-2015 ,2693.014
1892,11-01-2015 ,2572.0460000000003
1893,12-01-2015 ,2359.038
1894,13-01-2015 ,2299.931
1895,14-01-2015 ,2298.4570000000003
1896,15-01-2015 ,2172.126
1897,16-01-2015 ,2023.2279999999998
1898,17-01-2015 ,1986.122
1899,18-01-2015 ,1964.185
1900,19-01-2015 ,1969.37
1901,20-01-2015 ,1835.096
1902,21-01-2015 ,1788.521
1903,22-01-2015 ,1827.019
1904,23-01-2015 ,1628.615
1905,24-01-2015 ,1460.6979999999999
1906,25-01-2015 ,1370.18
1907,26-01-2015 ,1728.575
1908,27-01-2015 ,1584.28
1909,28-01-2015 ,1268.36
1910,29-01-2015 ,1116.379
1911,30-01-2015 ,1121.513
1912,31-01-2015 ,1245.015
1913,01-01-2016 ,1514.5610000000001
1914,02-01-2016 ,1456.069
1915,03-01-2016 ,1332.828
1916,04-01-2016 ,1229.611
1917,05-01-2016 ,1226.988
1918,06-01-2016 ,1249.116
1919,07-01-2016 ,1316.805
1920,08-01-2016 ,1411.78
1921,09-01-2016 ,1535.7920000000001
1922,10-01-2016 ,1738.1960000000001
1923,11-01-2016 ,1766.817
1924,12-01-2016 ,1930.445
1925,13-01-2016 ,2031.766
1926,14-01-2016 ,2046.5410000000002
1927,15-01-2016 ,2301.107
1928,16-01-2016 ,2531.314
1929,17-01-2016 ,2272.333
1930,18-01-2016 ,2152.6910000000003
1931,19-01-2016 ,1940.654
1932,20-01-2016 ,1789.787
1933,21-01-2016 ,1776.703
1934,22-01-2016 ,1981.7520000000002
1935,23-01-2016 ,2098.387
1936,24-01-2016 ,1818.521
1937,25-01-2016 ,1415.694
1938,26-01-2016 ,1431.905
1939,27-01-2016 ,1399.45
1940,28-01-2016 ,1176.481
1941,29-01-2016 ,1051.522
1942,30-01-2016 ,854.1080000000001
1943,31-01-2016 ,726.15
1944,01-01-2017 ,712.538
